,row_id,prob
0,2,0.5308796
1,3,0.3593127
2,6,0.25036237
3,9,0.4387974
4,14,0.7037865
5,18,0.24443108
6,19,0.88241136
7,22,0.58117014
8,24,0.27525756
9,29,0.40200007
10,30,0.38043177
11,32,0.16144526
12,35,0.16220406
13,48,0.96875095
14,51,0.44622004
15,56,0.8048636
16,57,0.8393644
17,63,0.81454015
18,65,0.8048636
19,66,0.1434421
20,67,0.8048636
21,69,0.42523614
22,71,0.8048636
23,82,0.18500972
24,85,0.15607315
25,86,0.336861
26,87,0.8048636
27,95,0.76905507
28,102,0.8215472
29,104,0.6690407
30,105,0.50261045
31,109,0.91758937
32,112,0.30199057
33,113,0.8048636
34,116,0.8048636
35,124,0.40148064
36,130,0.1261979
37,132,0.072414726
38,135,0.74628216
39,136,0.8048636
40,137,0.08753505
41,143,0.25692785
42,148,0.6208221
43,149,0.36450028
44,165,0.8048636
45,171,0.2772693
46,172,0.1673271
47,177,0.7657458
48,179,0.23449242
49,181,0.8797113
50,187,0.8048636
51,188,0.44070724
52,191,0.87483186
53,193,0.348587
54,200,0.33185065
55,204,0.4300541
56,214,0.8131714
57,217,0.79791915
58,218,0.42986467
59,220,0.4300541
60,221,0.84382445
61,228,0.5356403
62,236,0.89232594
63,238,0.73584306
64,244,0.4574934
65,246,0.36580557
66,247,0.42913705
67,248,0.79182625
68,254,0.6504611
69,258,0.4075744
70,259,0.14349627
71,260,0.94657046
72,262,0.510358
73,269,0.8332283
74,273,0.3751039
75,274,0.4300541
76,275,0.86210614
77,279,0.54110724
78,292,0.9284873
79,293,0.1406666
80,294,0.97908556
81,295,0.18647763
82,298,0.77876204
83,299,0.4300541
84,301,0.38237232
85,302,0.52679735
86,311,0.08499411
87,314,0.93418133
88,315,0.33266446
89,318,0.4027009
90,319,0.619015
91,322,0.7119405
92,325,0.6323893
93,328,0.1385648
94,331,0.16045651
95,332,0.988921
96,338,0.96592486
97,345,0.4300541
98,350,0.47802415
99,354,0.040387303
100,358,0.09759277
101,361,0.4300541
102,364,0.44022933
103,371,0.37969556
104,374,0.07134956
105,375,0.8306603
106,378,0.56344694
107,380,0.9417973
108,382,0.030628681
109,384,0.91068125
110,389,0.25801122
111,391,0.42030156
112,392,0.36028147
113,398,0.33196706
114,399,0.56445646
115,401,0.47630584
116,405,0.41618106
117,410,0.5217009
118,415,0.5011143
119,423,0.35982415
120,428,0.4288655
121,429,0.19070166
122,432,0.2143127
123,441,0.025231898
124,443,0.18123123
125,444,0.29053727
126,445,0.5696983
127,454,0.23114595
128,455,0.017151773
129,456,0.4300541
130,459,0.42874926
131,468,0.10868701
132,470,0.95828587
133,472,0.09526172
134,478,0.57899284
135,480,0.68084395
136,483,0.59497225
137,488,0.26490182
138,489,0.41494018
139,492,0.89037204
140,494,0.66769516
141,498,0.41655046
142,507,0.74544275
143,511,0.2035656
144,513,0.9397618
145,516,0.742257
146,518,0.38154823
147,525,0.1913616
148,527,0.21143797
149,529,0.11344668
150,532,0.6726043
151,534,0.59314775
152,536,0.5007841
153,539,0.7870444
154,541,0.38403273
155,543,0.9298036
156,544,0.16540775
157,546,0.4817379
158,547,0.85262233
159,552,0.5155513
160,560,0.8557448
161,561,0.22785783
162,566,0.44553214
163,568,0.46373546
164,570,0.44975996
165,573,0.4300541
166,574,0.24139062
167,579,0.85489076
168,580,0.7847221
169,581,0.6923928
170,583,0.5177281
171,587,0.9625677
172,591,0.53832275
173,594,0.46994197
174,597,0.070236534
175,604,0.91367793
176,606,0.9158734
177,612,0.4141443
178,614,0.99603975
179,615,0.26025602
180,616,0.36344993
181,617,0.61186254
182,619,0.4300541
183,620,0.4300541
184,621,0.44349283
185,626,0.47321635
186,629,0.9705806
187,630,0.25301927
188,632,0.9545078
189,635,0.30359823
190,636,0.35660046
191,637,0.84546125
192,640,0.24679026
193,641,0.6421331
194,645,0.4300541
195,649,0.2695539
196,650,0.18048915
197,653,0.19622388
198,654,0.8088194
199,655,0.51251006
200,659,0.17552978
201,660,0.44995064
202,662,0.29900545
203,665,0.8048636
204,675,0.74591786
205,679,0.30541414
206,680,0.95560354
207,681,0.758273
208,682,0.4509195
209,683,0.7671176
210,699,0.8328558
211,702,0.76479006
212,712,0.34677345
213,717,0.21286559
214,720,0.5517746
215,721,0.3953898
216,722,0.7888315
217,724,0.54469544
218,725,0.36680788
219,727,0.5045768
220,730,0.84403026
221,732,0.47782302
222,735,0.4300541
223,736,0.7744806
224,739,0.8602584
225,745,0.39461112
226,748,0.69413555
227,756,0.86169773
228,769,0.4321152
229,770,0.43130082
230,772,0.43529868
231,778,0.40971917
232,780,0.45171672
233,783,0.4754635
234,788,0.81796366
235,789,0.96442103
236,793,0.9175371
237,804,0.8816347
238,807,0.57164013
239,812,0.42112553
240,813,0.7605809
241,822,0.84339917
242,823,0.47576046
243,828,0.69632256
244,830,0.8761877
245,832,0.8008598
246,835,0.9889742
247,839,0.9039897
248,840,0.57236046
249,845,0.83323467
250,850,0.4300541
251,851,0.95904845
252,852,0.674831
253,855,0.4697207
254,858,0.69273555
255,871,0.49429163
256,873,0.895824
257,877,0.8048636
258,880,0.91493154
259,883,0.75218767
260,884,0.4300541
261,890,0.6559639
262,893,0.8048636
263,894,0.43880355
264,898,0.29039776
265,899,0.9436238
266,901,0.9045009
267,905,0.6917917
268,906,0.43459243
269,907,0.9142051
270,911,0.45236838
271,914,0.37548357
272,919,0.9293848
273,922,0.27494526
274,928,0.4874625
275,929,0.5511742
276,931,0.52749133
277,933,0.49080256
278,936,0.8877429
279,937,0.75948524
280,939,0.5610109
281,951,0.4595006
282,954,0.76806056
283,963,0.48151946
284,967,0.65757835
285,969,0.9583932
286,971,0.36257166
287,975,0.8358158
288,980,0.7205073
289,981,0.8826103
290,983,0.4300541
291,984,0.83848834
292,994,0.6428249
293,997,0.97397655
294,1002,0.8112275
295,1003,0.43277776
296,1005,0.3993869
297,1014,0.4300541
298,1020,0.5800901
299,1023,0.5671008
300,1039,0.4300541
301,1040,0.13188621
302,1047,0.44395998
303,1048,0.5606071
304,1049,0.25704896
305,1050,0.33692825
306,1051,0.019475281
307,1058,0.34720773
308,1059,0.85416365
309,1064,0.8048636
310,1067,0.5658443
311,1069,0.86997086
312,1070,0.2697022
313,1071,0.69540566
314,1072,0.46141738
315,1083,0.8048636
316,1087,0.8048636
317,1089,0.8048636
318,1093,0.8048636
319,1094,0.8048636
320,1095,0.8048636
321,1099,0.8048636
322,1100,0.8048636
323,1102,0.8048636
324,1103,0.8048636
325,1106,0.8048636
326,1107,0.8048636
327,1110,0.8048636
328,1116,0.8048636
329,1121,0.8048636
330,1125,0.8048636
331,1130,0.8048636
332,1131,0.8048636
333,1133,0.8048636
334,1134,0.8048636
335,1139,0.8048636
336,1142,0.8048636
337,1149,0.8048636
338,1151,0.8048636
339,1152,0.8048636
340,1156,0.8048636
341,1168,0.8048636
342,1172,0.8048636
343,1175,0.8048636
344,1182,0.8048636
345,1183,0.8048636
346,1186,0.8048636
347,1192,0.8048636
348,1195,0.8048636
349,1197,0.8048636
350,1199,0.8048636
351,1200,0.8048636
352,1202,0.8048636
353,1204,0.8048636
354,1207,0.8048636
355,1210,0.8048636
356,1214,0.8048636
357,1216,0.8048636
358,1218,0.8048636
359,1222,0.8048636
360,1223,0.8048636
361,1227,0.8048636
362,1236,0.8048636
363,1237,0.8048636
364,1243,0.8048636
365,1248,0.8048636
366,1249,0.8048636
367,1254,0.8048636
368,1257,0.8048636
369,1263,0.8048636
370,1266,0.8048636
371,1268,0.8048636
372,1270,0.8048636
373,1273,0.8048636
374,1275,0.8048636
375,1280,0.8048636
376,1282,0.8048636
377,1285,0.8048636
378,1289,0.8048636
379,1292,0.8048636
380,1295,0.8048636
381,1296,0.8048636
382,1297,0.8048636
383,1302,0.8048636
384,1303,0.8048636
385,1311,0.8048636
386,1313,0.8048636
387,1315,0.8048636
388,1319,0.8048636
389,1321,0.8048636
390,1323,0.8048636
391,1335,0.8048636
392,1336,0.8048636
393,1337,0.8048636
394,1344,0.8048636
395,1356,0.8048636
396,1361,0.8048636
397,1374,0.8048636
398,1376,0.8048636
399,1381,0.8048636
400,1383,0.8048636
401,1386,0.8048636
402,1389,0.8048636
403,1394,0.8048636
404,1404,0.8048636
405,1406,0.8048636
406,1408,0.8048636
407,1409,0.8048636
408,1410,0.8048636
409,1414,0.8048636
410,1417,0.8048636
411,1419,0.8048636
412,1422,0.8048636
413,1426,0.8048636
414,1427,0.8048636
415,1429,0.8048636
416,1431,0.8048636
417,1432,0.8048636
418,1436,0.8048636
419,1443,0.8048636
420,1444,0.8048636
421,1450,0.8048636
422,1451,0.8048636
423,1454,0.8048636
424,1456,0.8048636
425,1457,0.8048636
426,1459,0.8048636
427,1460,0.8048636
428,1461,0.8048636
429,1464,0.72557175
430,1465,0.822119
431,1469,0.18589064
432,1471,0.7156553
433,1474,0.60883087
434,1476,0.6799465
435,1477,0.18302158
436,1478,0.35795265
437,1479,0.022646964
438,1481,0.9530026
439,1482,0.6255488
440,1483,0.10925338
441,1485,0.38631707
442,1488,0.45141497
443,1491,0.70720875
444,1492,0.44685373
445,1494,0.414601
446,1495,0.87514627
447,1499,0.39312348
448,1500,0.20437324
449,1510,0.48563448
450,1511,0.86149085
451,1519,0.4691419
452,1521,0.27508408
453,1523,0.41185987
454,1529,0.74765986
455,1531,0.39217857
456,1537,0.8916563
457,1540,0.8973811
458,1548,0.29318506
459,1549,0.4825946
460,1558,0.8719448
461,1559,0.39007342
462,1561,0.46373007
463,1566,0.4173977
464,1568,0.51959425
465,1571,0.4780259
466,1574,0.54453254
467,1583,0.43448314
468,1589,0.8423592
469,1590,0.35414246
470,1597,0.46513516
471,1602,0.3618425
472,1603,0.93695164
473,1605,0.049667925
474,1610,0.91778815
475,1612,0.4373427
476,1613,0.28628826
477,1622,0.6137875
478,1624,0.559926
479,1628,0.46139
480,1629,0.9699356
481,1633,0.1325753
482,1634,0.26673692
483,1638,0.3066024
484,1640,0.8728962
485,1641,0.45457414
486,1642,0.31170112
487,1644,0.43711412
488,1645,0.4600917
489,1646,0.57733774
490,1650,0.37078446
491,1656,0.9602166
492,1658,0.92674994
493,1659,0.07173139
494,1663,0.28955996
495,1665,0.61832327
496,1672,0.48513508
497,1681,0.8512021
498,1687,0.62558013
499,1688,0.42987487
500,1692,0.25982136
501,1693,0.9241209
502,1694,0.22178388
503,1695,0.4148543
504,1699,0.4188795
505,1702,0.43887204
506,1703,0.07395932
507,1704,0.29016834
508,1707,0.13201737
509,1712,0.3045867
510,1714,0.6125542
511,1717,0.7276004
512,1719,0.8934486
513,1724,0.19380978
514,1729,0.70212233
515,1732,0.62654376
516,1733,0.60239863
517,1736,0.40378428
518,1737,0.8486923
519,1738,0.3728369
520,1740,0.44467732
521,1745,0.81637275
522,1746,0.17557096
523,1747,0.19986206
524,1749,0.1524756
525,1750,0.3028038
526,1751,0.9894691
527,1753,0.43087876
528,1755,0.32512078
529,1758,0.4300541
530,1764,0.5873082
531,1765,0.8164067
532,1767,0.09269735
533,1768,0.422093
534,1781,0.046102285
535,1785,0.5025415
536,1788,0.41588596
537,1792,0.40442342
538,1796,0.35513502
539,1800,0.13453713
540,1805,0.20620435
541,1807,0.6385216
542,1811,0.89276004
543,1819,0.40535444
544,1822,0.19432977
545,1824,0.9157098
546,1826,0.99209017
547,1827,0.24031505
548,1828,0.7090892
549,1829,0.15212354
550,1831,0.43671876
551,1837,0.40311155
552,1838,0.40151557
553,1842,0.6505774
554,1847,0.1699174
555,1849,0.6285495
556,1850,0.5311119
557,1855,0.28698635
558,1858,0.24648023
559,1862,0.37534156
560,1866,0.28184968
561,1870,0.47557777
562,1874,0.4300541
563,1877,0.5363792
564,1879,0.4300541
565,1884,0.86977285
566,1890,0.95044243
567,1892,0.42013794
568,1893,0.4300541
569,1896,0.13238266
570,1902,0.4300541
571,1906,0.15578249
572,1917,0.413278
573,1919,0.306329
574,1921,0.70552826
575,1928,0.3348499
576,1936,0.15460181
577,1938,0.38644615
578,1944,0.7770523
579,1947,0.82614106
580,1950,0.0022667646
581,1956,0.6347603
582,1959,0.58217007
583,1967,0.78420746
584,1970,0.09673032
585,1973,0.8531094
586,1977,0.4300541
587,1979,0.4300541
588,1991,0.3180387
589,1994,0.061401248
590,1996,0.38229942
591,2009,0.58655083
592,2013,0.3462009
593,2015,0.28856122
594,2019,0.91616595
595,2021,0.44137043
596,2028,0.40026715
597,2034,0.6911743
598,2036,0.40563
599,2037,0.45349097
600,2038,0.35015017
601,2042,0.85664284
602,2043,0.38793436
603,2044,0.24035308
604,2045,0.9497169
605,2051,0.4300541
606,2053,0.0058651567
607,2056,0.01268211
608,2057,0.23739287
609,2060,0.42388695
610,2062,0.38313082
611,2067,0.37904325
612,2068,0.42732984
613,2070,0.3831182
614,2074,0.8491329
615,2077,0.2065585
616,2081,0.44371203
617,2086,0.9783048
618,2094,0.9730037
619,2095,0.9056324
620,2102,0.40582955
621,2104,0.89026034
622,2107,0.85685587
623,2108,0.10281587
624,2109,0.6237063
625,2115,0.90922964
626,2117,0.3690933
627,2118,0.44075802
628,2119,0.9833189
629,2123,0.1779767
630,2125,0.4300541
631,2128,0.23558038
632,2136,0.4300541
633,2137,0.59573674
634,2139,0.18532038
635,2148,0.3667546
636,2150,0.47290117
637,2156,0.43081555
638,2159,0.3186363
639,2162,0.5811981
640,2164,0.4300541
641,2166,0.2920878
642,2167,0.43678007
643,2173,0.4620153
644,2176,0.046091884
645,2178,0.5659443
646,2179,0.22572827
647,2183,0.23520193
648,2185,0.90071756
649,2186,0.46412745
650,2188,0.38658315
651,2192,0.39199808
652,2193,0.5210147
653,2194,0.9370419
654,2199,0.33683848
655,2200,0.72671306
656,2201,0.83081686
657,2206,0.77496994
658,2221,0.18212292
659,2223,0.09149417
660,2227,0.8959411
661,2229,0.4280925
662,2230,0.34633583
663,2235,0.39178693
664,2238,0.44739744
665,2242,0.5232315
666,2243,0.16957918
667,2244,0.43363118
668,2246,0.45544142
669,2249,0.40847024
670,2250,0.926083
671,2252,0.16872475
672,2258,0.4300541
673,2260,0.30087367
674,2266,0.15000224
675,2273,0.51898885
676,2274,0.4296342
677,2275,0.32316995
678,2280,0.49620765
679,2290,0.98701006
680,2293,0.37339604
681,2296,0.43487227
682,2298,0.42985994
683,2300,0.45052794
684,2303,0.54293156
685,2307,0.9972533
686,2314,0.4300541
687,2332,0.80353725
688,2333,0.44181088
689,2336,0.4300541
690,2337,0.57653135
691,2338,0.8866676
692,2341,0.42605013
693,2342,0.92795813
694,2349,0.37665248
695,2350,0.49584338
696,2352,0.6772975
697,2360,0.91568357
698,2362,0.29888666
699,2367,0.7487412
700,2369,0.5823753
701,2375,0.4197863
702,2378,0.4904112
703,2381,0.4300541
704,2383,0.9643954
705,2386,0.874736
706,2388,0.4300541
707,2393,0.43226567
708,2394,0.32099196
709,2398,0.12916908
710,2399,0.25573945
711,2402,0.6871422
712,2403,0.39824763
713,2407,0.37045753
714,2409,0.5194285
715,2413,0.44432336
716,2420,0.33194056
717,2426,0.43583426
718,2428,0.72477794
719,2429,0.45596793
720,2432,0.24901196
721,2438,0.24474847
722,2444,0.7326726
723,2449,0.1958367
724,2452,0.4300541
725,2453,0.43507364
726,2454,0.8828287
727,2461,0.26267636
728,2475,0.05755785
729,2477,0.45839933
730,2481,0.27204338
731,2483,0.9152663
732,2488,0.9267361
733,2489,0.4936617
734,2492,0.4300541
735,2493,0.44407785
736,2494,0.958189
737,2495,0.29160368
738,2499,0.107343644
739,2501,0.28240317
740,2506,0.02830869
741,2507,0.13832879
742,2513,0.9899709
743,2519,0.38717562
744,2521,0.62741977
745,2524,0.46155208
746,2528,0.75266385
747,2529,0.34388584
748,2533,0.18908986
749,2536,0.35460258
750,2537,0.32892966
751,2538,0.39374104
752,2539,0.27201915
753,2541,0.4186017
754,2542,0.4303436
755,2544,0.83440995
756,2546,0.31624094
757,2553,0.37370354
758,2560,0.104076326
759,2564,0.38130888
760,2568,0.31902862
761,2578,0.9469665
762,2579,0.41530722
763,2581,0.38114172
764,2585,0.17471829
765,2586,0.37140578
766,2590,0.15600106
767,2594,0.66102684
768,2596,0.46208125
769,2597,0.36228195
770,2602,0.83844817
771,2609,0.8624466
772,2614,0.52827275
773,2618,0.59567964
774,2619,0.42329636
775,2623,0.4300541
776,2630,0.4300541
777,2635,0.36026707
778,2640,0.67246264
779,2643,0.56112397
780,2644,0.5194884
781,2645,0.31789118
782,2649,0.41634232
783,2650,0.19247615
784,2651,0.16248757
785,2656,0.9454242
786,2661,0.07743767
787,2671,0.092017144
788,2676,0.53182393
789,2681,0.6195667
790,2682,0.92653906
791,2684,0.9926633
792,2686,0.6974515
793,2688,0.5426732
794,2694,0.1791108
795,2696,0.17033258
796,2698,0.32659736
797,2700,0.81230295
798,2704,0.60502076
799,2705,0.58596265
800,2706,0.9340234
801,2707,0.39554083
802,2709,0.8337437
803,2714,0.45078537
804,2719,0.11716661
805,2722,0.2631994
806,2723,0.38512653
807,2724,0.35407695
808,2725,0.28375024
809,2730,0.33306253
810,2731,0.5124363
811,2733,0.2938131
812,2736,0.915143
813,2738,0.86727375
814,2743,0.4300541
815,2744,0.9506706
816,2749,0.9533913
817,2756,0.99622273
818,2757,0.18213558
819,2765,0.8021319
820,2767,0.41430753
821,2774,0.4300541
822,2775,0.06945017
823,2780,0.38504177
824,2782,0.7323282
825,2783,0.42894286
826,2785,0.41328117
827,2787,0.5112976
828,2788,0.24842048
829,2793,0.3410985
830,2798,0.2796076
831,2803,0.196026
832,2806,0.8649332
833,2808,0.9928216
834,2809,0.40692395
835,2811,0.44685477
836,2812,0.24235153
837,2813,0.44301155
838,2816,0.19854864
839,2818,0.48600754
840,2821,0.968797
841,2822,0.8736396
842,2825,0.48110834
843,2832,0.79110265
844,2835,0.42784718
845,2837,0.8949638
846,2838,0.34595436
847,2841,0.18211749
848,2842,0.4300541
849,2844,0.22169182
850,2845,0.8998896
851,2849,0.7689976
852,2853,0.5751852
853,2856,0.41551727
854,2858,0.26128152
855,2859,0.4300541
856,2864,0.38326722
857,2866,0.886604
858,2873,0.40877986
859,2874,0.24311155
860,2878,0.69411373
861,2881,0.25614378
862,2884,0.2968843
863,2885,0.35317475
864,2888,0.23567244
865,2890,0.3423879
866,2895,0.9873544
867,2899,0.91057754
868,2901,0.8140602
869,2903,0.42268747
870,2905,0.54762954
871,2908,0.2568512
872,2911,0.4300541
873,2913,0.29760778
874,2915,0.740538
875,2916,0.9947574
876,2918,0.47324088
877,2921,0.4300541
878,2925,0.29554585
879,2926,0.38989007
880,2933,0.4300541
881,2940,0.51064587
882,2944,0.122498006
883,2951,0.17886707
884,2954,0.66463196
885,2956,0.30013162
886,2959,0.3892547
887,2961,0.9561269
888,2965,0.7376733
889,2969,0.6196531
890,2975,0.4300541
891,2977,0.3011528
892,2979,0.555622
893,2984,0.43310997
894,2985,0.1867877
895,2991,0.90567684
896,2993,0.9035164
897,2995,0.7916604
898,3000,0.23569638
899,3005,0.274678
900,3007,0.8203895
901,3008,0.58627576
902,3009,0.33240658
903,3015,0.9748647
904,3017,0.6496836
905,3020,0.58621293
906,3023,0.07717243
907,3024,0.2502508
908,3025,0.8360789
909,3026,0.78175485
910,3028,0.4893341
911,3029,0.86416554
912,3033,0.4300541
913,3038,0.4300541
914,3044,0.8758179
915,3048,0.42842776
916,3051,0.6630958
917,3054,0.36762962
918,3056,0.903936
919,3057,0.3827399
920,3058,0.6041304
921,3059,0.17236835
922,3064,0.4545895
923,3066,0.9548115
924,3069,0.93387043
925,3070,0.88271964
926,3074,0.82735276
927,3077,0.4558561
928,3079,0.40406215
929,3085,0.6628382
930,3089,0.80378336
931,3090,0.8518437
932,3093,0.3833084
933,3100,0.4354912
934,3102,0.7576965
935,3105,0.75961435
936,3107,0.46142873
937,3114,0.035131067
938,3116,0.8785521
939,3117,0.44378573
940,3121,0.44657123
941,3122,0.61066777
942,3124,0.59122336
943,3125,0.8927759
944,3128,0.20718947
945,3131,0.4300541
946,3139,0.037279993
947,3146,0.70759606
948,3149,0.9015878
949,3150,0.34021786
950,3161,0.7490053
951,3164,0.7474673
952,3172,0.93358594
953,3175,0.14696923
954,3177,0.44059753
955,3178,0.4300541
956,3180,0.80043876
957,3188,0.91717774
958,3192,0.7956222
959,3193,0.46046147
960,3194,0.39941883
961,3197,0.9517414
962,3201,0.57296056
963,3211,0.9678451
964,3213,0.26164186
965,3215,0.46674022
966,3217,0.42609358
967,3219,0.73166335
968,3221,0.77887547
969,3224,0.8613601
970,3233,0.7755815
971,3235,0.41064742
972,3241,0.6525886
973,3242,0.14273328
974,3243,0.96803665
975,3244,0.06339449
976,3245,0.98774755
977,3248,0.4286464
978,3253,0.8247305
979,3256,0.59338963
980,3257,0.9005134
981,3264,0.934065
982,3265,0.8048636
983,3271,0.4300541
984,3273,0.81863314
985,3274,0.49411595
986,3283,0.76246846
987,3285,0.9099916
988,3287,0.8720252
989,3295,0.4300541
990,3298,0.84451467
991,3303,0.39497304
992,3305,0.46729374
993,3310,0.97601223
994,3312,0.6580751
995,3315,0.78245753
996,3319,0.87802505
997,3323,0.7094205
998,3326,0.4300541
999,3331,0.8799363
1000,3333,0.9827467
1001,3337,0.9395853
1002,3340,0.75317645
1003,3341,0.8263262
1004,3344,0.98689395
1005,3346,0.750949
1006,3347,0.42919868
1007,3349,0.37692955
1008,3351,0.9279034
1009,3357,0.8048636
1010,3361,0.43180844
1011,3362,0.95777774
1012,3365,0.4342238
1013,3369,0.90772235
1014,3372,0.5094037
1015,3374,0.9065176
1016,3376,0.9137908
1017,3379,0.97471285
1018,3385,0.6809336
1019,3394,0.21411735
1020,3405,0.5484891
1021,3407,0.1960744
1022,3412,0.25840977
1023,3413,0.86172026
1024,3415,0.15725476
1025,3417,0.42800105
1026,3421,0.92794406
1027,3425,0.72431195
1028,3428,0.8995501
1029,3435,0.3571167
1030,3436,0.014120609
1031,3440,0.3732826
1032,3459,0.5837233
1033,3464,0.44068813
1034,3465,0.86885047
1035,3471,0.59807324
1036,3472,0.76245296
1037,3478,0.42782354
1038,3485,0.93170595
1039,3486,0.4300541
1040,3487,0.9937787
1041,3488,0.4771985
1042,3492,0.8720794
1043,3494,0.43170235
1044,3495,0.18747726
1045,3501,0.57178664
1046,3508,0.79378676
1047,3509,0.81397283
1048,3517,0.914646
1049,3526,0.43602955
1050,3527,0.22068739
1051,3528,0.41467205
1052,3530,0.18673387
1053,3533,0.75599205
1054,3535,0.9688194
1055,3540,0.4300541
1056,3543,0.44271785
1057,3544,0.79730606
1058,3546,0.6053917
1059,3548,0.7161615
1060,3549,0.4300541
1061,3551,0.24192697
1062,3552,0.92660487
1063,3554,0.9303968
1064,3564,0.53783524
1065,3566,0.42714432
1066,3568,0.7224105
1067,3569,0.61230034
1068,3572,0.30322155
1069,3573,0.7983868
1070,3574,0.75692236
1071,3579,0.9360434
1072,3582,0.8507844
1073,3583,0.6006814
1074,3586,0.51997226
1075,3594,0.969204
1076,3596,0.93174994
1077,3604,0.84455943
1078,3605,0.93887556
1079,3607,0.46763164
1080,3618,0.96056247
1081,3624,0.8443844
1082,3633,0.39888078
1083,3641,0.87037015
1084,3644,0.4300541
1085,3648,0.51829803
1086,3649,0.97595304
1087,3652,0.4397128
1088,3653,0.591649
1089,3657,0.96879673
1090,3660,0.89953566
1091,3662,0.8915936
1092,3668,0.12620682
1093,3669,0.9493438
1094,3672,0.98874485
1095,3673,0.81654507
1096,3675,0.23844987
1097,3680,0.5847197
1098,3682,0.7449582
1099,3685,0.4300541
1100,3686,0.6271862
1101,3687,0.84688604
1102,3696,0.9365543
1103,3701,0.411782
1104,3703,0.44212025
1105,3704,0.27425805
1106,3707,0.70675135
1107,3711,0.7468903
1108,3713,0.8372673
1109,3716,0.9827498
1110,3719,0.95305014
1111,3722,0.9559573
1112,3729,0.8867939
1113,3734,0.42656586
1114,3735,0.9045413
1115,3737,0.3924188
1116,3739,0.169198
1117,3741,0.95768607
1118,3744,0.6524036
1119,3747,0.5004995
1120,3749,0.4337413
1121,3751,0.43546608
1122,3757,0.3650459
1123,3760,0.3327814
1124,3762,0.6940121
1125,3763,0.65990496
1126,3764,0.8722137
1127,3766,0.8847121
1128,3769,0.950489
1129,3770,0.8802966
1130,3771,0.63428175
1131,3774,0.6085337
1132,3775,0.4672085
1133,3778,0.90895283
1134,3781,0.93566763
1135,3783,0.98174083
1136,3787,0.8288066
1137,3792,0.8834355
1138,3794,0.6553179
1139,3796,0.8469192
1140,3797,0.30454087
1141,3799,0.88236654
1142,3804,0.8048636
1143,3805,0.68162
1144,3810,0.4063912
1145,3817,0.5078083
1146,3819,0.48156205
1147,3820,0.36768568
1148,3823,0.93435335
1149,3824,0.5532222
1150,3829,0.8048636
1151,3834,0.7259785
1152,3837,0.4300541
1153,3841,0.8728821
1154,3844,0.7277457
1155,3848,0.90109485
1156,3849,0.4300541
1157,3855,0.85792583
1158,3858,0.85959184
1159,3861,0.51736104
1160,3862,0.8365333
1161,3863,0.43827644
1162,3866,0.8004341
1163,3867,0.7867567
1164,3868,0.9258068
1165,3870,0.7435656
1166,3873,0.931779
1167,3876,0.82887053
1168,3878,0.6540674
1169,3879,0.13398525
1170,3882,0.4300541
1171,3883,0.80011237
1172,3889,0.9818752
1173,3897,0.97832394
1174,3906,0.7674353
1175,3907,0.7455877
1176,3908,0.89989865
1177,3917,0.94448566
1178,3918,0.975716
1179,3921,0.7235658
1180,3925,0.9683408
1181,3928,0.695671
1182,3929,0.7860033
1183,3930,0.95375526
1184,3931,0.90811586
1185,3934,0.90520954
1186,3938,0.89338565
1187,3939,0.75284326
1188,3945,0.3979931
1189,3946,0.93303025
1190,3949,0.81179166
1191,3950,0.9035338
1192,3957,0.79815614
1193,3961,0.8825902
1194,3967,0.85170627
1195,3970,0.84081674
1196,3972,0.8182398
1197,3973,0.4300541
1198,3976,0.7292055
1199,3977,0.7091774
1200,3981,0.72400975
1201,3984,0.92134786
1202,3992,0.9407578
1203,3995,0.92564785
1204,4000,0.97623146
1205,4002,0.6267221
1206,4005,0.9268919
1207,4008,0.83483934
1208,4010,0.5688785
1209,4014,0.11258674
1210,4015,0.8433039
1211,4016,0.8608618
1212,4020,0.9593546
1213,4021,0.6618898
1214,4024,0.9611304
1215,4025,0.42546636
1216,4029,0.9645082
1217,4034,0.857585
1218,4036,0.8822689
1219,4037,0.91874564
1220,4041,0.83047634
1221,4043,0.5538048
1222,4048,0.96934694
1223,4054,0.88232434
1224,4055,0.8927431
1225,4063,0.46358746
1226,4065,0.8367908
1227,4073,0.14652225
1228,4074,0.22466025
1229,4075,0.941331
1230,4076,0.4300541
1231,4081,0.8559092
1232,4082,0.96744794
1233,4084,0.5996107
1234,4087,0.80230457
1235,4096,0.8980386
1236,4102,0.3750684
1237,4103,0.3381358
1238,4105,0.47002694
1239,4106,0.039867938
1240,4108,0.70243
1241,4113,0.76822376
1242,4118,0.35281757
1243,4119,0.4247412
1244,4120,0.95732665
1245,4123,0.11028454
1246,4124,0.42483932
1247,4126,0.9792702
1248,4132,0.4339553
1249,4138,0.65891623
1250,4139,0.29980943
1251,4144,0.58676
1252,4151,0.5309233
1253,4152,0.41946527
1254,4158,0.25445813
1255,4168,0.6319748
1256,4170,0.3900261
1257,4174,0.726154
1258,4179,0.901224
1259,4180,0.38805613
1260,4182,0.459448
1261,4188,0.44115362
1262,4192,0.7218486
1263,4195,0.44789526
1264,4196,0.08030188
1265,4203,0.5119685
1266,4206,0.27392223
1267,4210,0.43217734
1268,4227,0.36390245
1269,4232,0.92990357
1270,4240,0.5978859
1271,4243,0.14509568
1272,4245,0.61269355
1273,4247,0.3570007
1274,4248,0.6828016
1275,4249,0.4801965
1276,4252,0.6491169
1277,4254,0.4300541
1278,4257,0.34207904
1279,4264,0.5554387
1280,4265,0.8986084
1281,4268,0.97460306
1282,4270,0.7984804
1283,4279,0.26728666
1284,4280,0.25620425
1285,4282,0.2742561
1286,4300,0.28977293
1287,4301,0.811487
1288,4302,0.15323815
1289,4304,0.32517505
1290,4305,0.4300541
1291,4310,0.25153214
1292,4314,0.4312719
1293,4317,0.9443872
1294,4321,0.11662659
1295,4330,0.42738542
1296,4340,0.8811269
1297,4352,0.20113921
1298,4355,0.1835095
1299,4358,0.8773186
1300,4359,0.41063285
1301,4364,0.43136895
1302,4365,0.29506314
1303,4368,0.193225
1304,4372,0.62269706
1305,4373,0.14859042
1306,4374,0.30733022
1307,4378,0.9232595
1308,4389,0.36018604
1309,4390,0.3369761
1310,4396,0.008829623
1311,4397,0.7833161
1312,4399,0.4318969
1313,4400,0.4006014
1314,4405,0.05961737
1315,4407,0.28620607
1316,4408,0.9716207
1317,4411,0.82324266
1318,4414,0.44155267
1319,4417,0.25209936
1320,4420,0.8546741
1321,4422,0.38615543
1322,4424,0.7912104
1323,4425,0.23636904
1324,4427,0.85721886
1325,4431,0.16978145
1326,4434,0.46281075
1327,4437,0.42072403
1328,4438,0.20919192
1329,4441,0.19657642
1330,4442,0.4354322
1331,4451,0.95513487
1332,4452,0.10185915
1333,4454,0.2528684
1334,4463,0.42795146
1335,4464,0.3796565
1336,4465,0.31372952
1337,4467,0.4300541
1338,4468,0.38409603
1339,4469,0.59686244
1340,4470,0.43555883
1341,4473,0.2155064
1342,4482,0.5080173
1343,4495,0.34540462
1344,4507,0.5172936
1345,4508,0.40206
1346,4509,0.41525298
1347,4520,0.6712637
1348,4522,0.86311483
1349,4526,0.123877674
1350,4529,0.42323565
1351,4530,0.6627531
1352,4532,0.7834444
1353,4537,0.22969559
1354,4538,0.4995617
1355,4543,0.49910596
1356,4547,0.5061206
1357,4550,0.98834455
1358,4564,0.26505342
1359,4566,0.36993057
1360,4568,0.31852537
1361,4570,0.69105804
1362,4571,0.074709624
1363,4574,0.24988207
1364,4575,0.95442915
1365,4577,0.5460186
1366,4582,0.784744
1367,4583,0.70781994
1368,4588,0.26861513
1369,4591,0.3683282
1370,4592,0.6266507
1371,4600,0.019207865
1372,4606,0.5750687
1373,4609,0.25819921
1374,4611,0.9343321
1375,4612,0.9647782
1376,4613,0.29614806
1377,4614,0.7363827
1378,4618,0.4300541
1379,4621,0.21811557
1380,4622,0.43332452
1381,4623,0.617616
1382,4626,0.05050099
1383,4628,0.04222539
1384,4631,0.93104684
1385,4633,0.7056788
1386,4634,0.22475564
1387,4635,0.49959436
1388,4638,0.44583413
1389,4645,0.8678212
1390,4646,0.48746535
1391,4648,0.32850528
1392,4651,0.20912284
1393,4652,0.54337597
1394,4655,0.33480293
1395,4657,0.8455484
1396,4659,0.77079666
1397,4660,0.1376687
1398,4666,0.15556839
1399,4682,0.4346408
1400,4684,0.434189
1401,4685,0.5391159
1402,4686,0.32267433
1403,4700,0.89281833
1404,4701,0.8526156
1405,4707,0.43909556
1406,4708,0.4300541
1407,4709,0.33937007
1408,4711,0.35498738
1409,4718,0.64508426
1410,4721,0.8574655
1411,4723,0.39938873
1412,4724,0.4300541
1413,4728,0.93513
1414,4730,0.34676915
1415,4731,0.8876039
1416,4735,0.7543286
1417,4736,0.39294386
1418,4738,0.8889561
1419,4745,0.5293387
1420,4748,0.8898597
1421,4750,0.79453766
1422,4751,0.9260143
1423,4752,0.15022439
1424,4753,0.81688726
1425,4755,0.8048636
1426,4762,0.4216855
1427,4765,0.5548376
1428,4766,0.30252627
1429,4771,0.5493082
1430,4772,0.7928723
1431,4778,0.8048636
1432,4783,0.8779131
1433,4785,0.6446719
1434,4786,0.8048636
1435,4791,0.34937933
1436,4793,0.018047929
1437,4795,0.29758245
1438,4797,0.85065895
1439,4807,0.36960962
1440,4814,0.9726403
1441,4816,0.39137286
1442,4822,0.3067119
1443,4825,0.8924227
1444,4836,0.57752156
1445,4838,0.8199798
1446,4847,0.38652042
1447,4850,0.6489053
1448,4857,0.46755573
1449,4860,0.8663597
1450,4861,0.60645115
1451,4864,0.98426056
1452,4869,0.28479263
1453,4871,0.4300541
1454,4881,0.93556166
1455,4887,0.8450286
1456,4888,0.9311681
1457,4889,0.90991664
1458,4900,0.4300541
1459,4901,0.8164711
1460,4902,0.9661099
1461,4906,0.62351084
1462,4910,0.4300541
1463,4911,0.7781748
1464,4924,0.96333694
1465,4928,0.9908069
1466,4931,0.9269584
1467,4932,0.49130234
1468,4933,0.6471921
1469,4935,0.83072436
1470,4943,0.9458902
1471,4948,0.89387506
1472,4957,0.046884418
1473,4959,0.73454607
1474,4960,0.4300541
1475,4969,0.77776945
1476,4971,0.6730769
1477,4972,0.7707443
1478,4974,0.3410046
1479,4976,0.4300541
1480,4979,0.4059184
1481,4985,0.42868027
1482,4989,0.7846272
1483,4991,0.4227096
1484,4995,0.7870964
1485,4997,0.77502847
1486,5000,0.6287478
1487,5001,0.85166574
1488,5007,0.4300541
1489,5010,0.92935693
1490,5012,0.6745516
1491,5013,0.8088064
1492,5014,0.8048636
1493,5017,0.80443543
1494,5019,0.9378964
1495,5020,0.4300541
1496,5021,0.4602068
1497,5026,0.24243733
1498,5028,0.9516047
1499,5034,0.40530276
1500,5035,0.79961586
1501,5037,0.4300541
1502,5038,0.42845744
1503,5039,0.95303994
1504,5041,0.27542913
1505,5042,0.36148357
1506,5044,0.4300541
1507,5045,0.42523095
1508,5048,0.87053776
1509,5051,0.4300541
1510,5052,0.46470386
1511,5056,0.088576615
1512,5060,0.50392485
1513,5064,0.8503762
1514,5072,0.53626764
1515,5075,0.974514
1516,5076,0.2039049
1517,5077,0.38602763
1518,5081,0.43360424
1519,5091,0.6623838
1520,5093,0.6008431
1521,5096,0.44828638
1522,5100,0.94805884
1523,5101,0.9518722
1524,5103,0.86558604
1525,5107,0.42844775
1526,5108,0.90914106
1527,5111,0.8623942
1528,5115,0.08499116
1529,5116,0.79580766
1530,5120,0.90786034
1531,5121,0.07532987
1532,5125,0.42564523
1533,5126,0.16708183
1534,5128,0.30178463
1535,5129,0.4208347
1536,5133,0.8855922
1537,5134,0.1759938
1538,5136,0.7673255
1539,5137,0.9518355
1540,5141,0.36196107
1541,5149,0.14112085
1542,5153,0.59914553
1543,5155,0.39569235
1544,5159,0.20201772
1545,5163,0.5891279
1546,5165,0.89537317
1547,5177,0.582284
1548,5180,0.4105243
1549,5183,0.26580948
1550,5184,0.3963373
1551,5185,0.84188426
1552,5187,0.1693157
1553,5188,0.69940066
1554,5189,0.98058
1555,5194,0.44370696
1556,5196,0.8004749
1557,5197,0.75814486
1558,5198,0.61572886
1559,5199,0.83255243
1560,5205,0.106327355
1561,5206,0.27221793
1562,5208,0.9020782
1563,5209,0.54417604
1564,5211,0.30130678
1565,5216,0.26733804
1566,5218,0.5462953
1567,5222,0.41584748
1568,5226,0.9598384
1569,5229,0.15854707
1570,5231,0.47219986
1571,5235,0.83917093
1572,5239,0.35335687
1573,5243,0.2970482
1574,5251,0.4300541
1575,5254,0.6222341
1576,5255,0.65769035
1577,5267,0.4300541
1578,5269,0.7823856
1579,5271,0.87385654
1580,5287,0.21688312
1581,5290,0.2597837
1582,5294,0.9242066
1583,5298,0.28824568
1584,5300,0.7210308
1585,5303,0.88498795
1586,5305,0.18412194
1587,5319,0.63878894
1588,5320,0.8482029
1589,5323,0.38888085
1590,5333,0.40477952
1591,5349,0.43706998
1592,5354,0.81268746
1593,5357,0.11246735
1594,5358,0.60888463
1595,5360,0.8048636
1596,5362,0.468327
1597,5364,0.23452976
1598,5366,0.8429519
1599,5367,0.27245897
1600,5368,0.22034937
1601,5374,0.30613708
1602,5376,0.4300541
1603,5378,0.7612927
1604,5379,0.1604653
1605,5381,0.5635065
1606,5384,0.2107647
1607,5386,0.13024908
1608,5389,0.9156103
1609,5402,0.7980701
1610,5410,0.20117158
1611,5418,0.40324643
1612,5420,0.27582616
1613,5424,0.23764306
1614,5430,0.4309869
1615,5431,0.8048636
1616,5435,0.26152593
1617,5436,0.8606446
1618,5439,0.4479211
1619,5441,0.9066827
1620,5442,0.42907655
1621,5444,0.02088365
1622,5449,0.77700436
1623,5452,0.3153466
1624,5459,0.19294882
1625,5461,0.09959626
1626,5463,0.41680196
1627,5467,0.42203778
1628,5468,0.431731
1629,5469,0.25155526
1630,5471,0.4194982
1631,5473,0.41517228
1632,5476,0.4916057
1633,5482,0.8048636
1634,5485,0.8839011
1635,5490,0.83773375
1636,5495,0.3600257
1637,5503,0.9277873
1638,5505,0.4571862
1639,5512,0.5832195
1640,5513,0.7997186
1641,5515,0.80927
1642,5516,0.6562183
1643,5522,0.961363
1644,5524,0.42778307
1645,5528,0.8892628
1646,5532,0.4300541
1647,5533,0.8204624
1648,5534,0.43099022
1649,5537,0.82553804
1650,5545,0.3131504
1651,5549,0.43160668
1652,5551,0.96092343
1653,5553,0.9622885
1654,5556,0.3025399
1655,5560,0.9176155
1656,5563,0.92461216
1657,5569,0.4300541
1658,5570,0.52088565
1659,5574,0.058511704
1660,5575,0.6487152
1661,5576,0.42651242
1662,5578,0.37376985
1663,5579,0.16646639
1664,5582,0.26744735
1665,5588,0.3858235
1666,5605,0.29784465
1667,5606,0.88727564
1668,5613,0.46211395
1669,5614,0.696169
1670,5618,0.43030554
1671,5623,0.7490686
1672,5624,0.9213498
1673,5627,0.3916002
1674,5630,0.35666132
1675,5636,0.27522045
1676,5637,0.60330963
1677,5642,0.32089955
1678,5647,0.1779738
1679,5649,0.70149004
1680,5650,0.41585553
1681,5652,0.7218887
1682,5657,0.89327466
1683,5671,0.4267776
1684,5674,0.91758347
1685,5675,0.81340986
1686,5677,0.78432214
1687,5688,0.1854048
1688,5689,0.12739572
1689,5692,0.4104671
1690,5701,0.38960734
1691,5704,0.7863749
1692,5705,0.52163976
1693,5707,0.505202
1694,5709,0.21084148
1695,5712,0.5535622
1696,5713,0.63865113
1697,5717,0.36773294
1698,5725,0.14820322
1699,5728,0.44324964
1700,5732,0.7284703
1701,5734,0.8048636
1702,5735,0.46739712
1703,5739,0.26948902
1704,5749,0.9439092
1705,5750,0.6301613
1706,5754,0.59616613
1707,5760,0.6291553
1708,5762,0.18590972
1709,5763,0.18918988
1710,5765,0.4816897
1711,5770,0.7134551
1712,5774,0.30872574
1713,5775,0.3666816
1714,5776,0.75066864
1715,5782,0.74924886
1716,5791,0.5199296
1717,5795,0.16934824
1718,5798,0.54518265
1719,5800,0.80710757
1720,5803,0.1832524
1721,5808,0.37639466
1722,5811,0.93296516
1723,5813,0.43293983
1724,5819,0.4375319
1725,5821,0.21186608
1726,5822,0.73887414
1727,5824,0.18879893
1728,5837,0.94570243
1729,5839,0.72731465
1730,5840,0.24041682
1731,5842,0.8048636
1732,5845,0.33847
1733,5846,0.8610945
1734,5847,0.30843648
1735,5848,0.7443683
1736,5852,0.4479157
1737,5858,0.43486866
1738,5859,0.37744197
1739,5864,0.19902879
1740,5866,0.3677616
1741,5872,0.4314663
1742,5876,0.9945563
1743,5879,0.75330544
1744,5884,0.93736553
1745,5885,0.956571
1746,5888,0.80630255
1747,5889,0.7769734
1748,5890,0.834127
1749,5893,0.2092425
1750,5895,0.18690184
1751,5896,0.93068254
1752,5900,0.4300541
1753,5901,0.8048636
1754,5904,0.8048636
1755,5905,0.14230776
1756,5909,0.8912408
1757,5915,0.0007864237
1758,5917,0.4300541
1759,5919,0.34229633
1760,5925,0.82149756
1761,5926,0.08355796
1762,5933,0.3921367
1763,5934,0.98165286
1764,5939,0.4290832
1765,5940,0.58379656
1766,5943,0.45424908
1767,5947,0.3496644
1768,5948,0.607942
1769,5954,0.38541496
1770,5955,0.35838485
1771,5956,0.43471152
1772,5957,0.29801887
1773,5961,0.4300541
1774,5963,0.21702552
1775,5964,0.38640374
1776,5966,0.5426502
1777,5968,0.98245436
1778,5970,0.4335567
1779,5973,0.106616914
1780,5979,0.058532268
1781,5984,0.3729964
1782,5989,0.18719602
1783,5994,0.68920314
1784,5995,0.81583273
1785,5996,0.4300541
1786,5997,0.5685382
1787,5998,0.87230545
1788,6004,0.8048636
1789,6006,0.7861283
1790,6007,0.424946
1791,6011,0.6659125
1792,6012,0.5111734
1793,6014,0.925859
1794,6015,0.083984494
1795,6018,0.5883206
1796,6019,0.5665588
1797,6024,0.5911519
1798,6025,0.9622721
1799,6029,0.42389545
1800,6033,0.8188245
1801,6038,0.4703652
1802,6039,0.30613583
1803,6040,0.30646968
1804,6043,0.9717469
1805,6057,0.25024897
1806,6058,0.40503064
1807,6060,0.46040952
1808,6062,0.9152823
1809,6067,0.8048636
1810,6069,0.8812361
1811,6072,0.9233627
1812,6075,0.7436642
1813,6080,0.81935537
1814,6082,0.92754924
1815,6083,0.45103577
1816,6085,0.25054753
1817,6087,0.28311777
1818,6101,0.13151672
1819,6106,0.89071965
1820,6108,0.4300541
1821,6111,0.97887754
1822,6113,0.36342922
1823,6124,0.826583
1824,6127,0.4413932
1825,6131,0.43699944
1826,6133,0.31667358
1827,6134,0.36106128
1828,6135,0.7975105
1829,6141,0.34842515
1830,6142,0.5448249
1831,6145,0.34240723
1832,6148,0.4300541
1833,6149,0.35514945
1834,6152,0.7742071
1835,6154,0.13419321
1836,6159,0.79044986
1837,6160,0.42333293
1838,6162,0.20302555
1839,6164,0.8048636
1840,6165,0.8112431
1841,6169,0.55895334
1842,6170,0.28806645
1843,6172,0.27335027
1844,6178,0.108462095
1845,6184,0.94664776
1846,6188,0.8206223
1847,6189,0.9552413
1848,6192,0.8048636
1849,6195,0.66080916
1850,6197,0.75042844
1851,6198,0.8785374
1852,6199,0.8048636
1853,6203,0.8048636
1854,6208,0.8048636
1855,6209,0.77591276
1856,6210,0.50983775
1857,6212,0.5248528
1858,6214,0.92968917
1859,6216,0.7502049
1860,6218,0.9142791
1861,6222,0.26104152
1862,6226,0.8048636
1863,6227,0.6712778
1864,6234,0.8048636
1865,6241,0.7701161
1866,6249,0.42533612
1867,6250,0.63103616
1868,6272,0.6923856
1869,6280,0.41123244
1870,6283,0.24705899
1871,6289,0.4300541
1872,6298,0.37839723
1873,6311,0.47496736
1874,6317,0.7663132
1875,6320,0.13084087
1876,6322,0.85288966
1877,6326,0.6588674
1878,6330,0.24891752
1879,6336,0.7175859
1880,6340,0.112255484
1881,6345,0.4315673
1882,6350,0.78096056
1883,6352,0.1226221
1884,6353,0.31309807
1885,6355,0.562288
1886,6357,0.30092722
1887,6359,0.19580424
1888,6360,0.1802625
1889,6361,0.5365729
1890,6362,0.39260206
1891,6363,0.44201174
1892,6375,0.36725104
1893,6380,0.15639979
1894,6385,0.88672894
1895,6386,0.1422075
1896,6391,0.3773704
1897,6396,0.6408799
1898,6402,0.42924714
1899,6405,0.78817266
1900,6413,0.1928997
1901,6414,0.6387717
1902,6420,0.07407108
1903,6425,0.4300541
1904,6426,0.22896966
1905,6427,0.13843346
1906,6431,0.26651776
1907,6432,0.30671012
1908,6433,0.28998524
1909,6434,0.43762702
1910,6435,0.81206954
1911,6437,0.30055368
1912,6441,0.50247633
1913,6444,0.42037988
1914,6446,0.037943423
1915,6451,0.60668534
1916,6452,0.42613643
1917,6456,0.13126469
1918,6457,0.8953272
1919,6461,0.3784667
1920,6462,0.6685093
1921,6464,0.20704922
1922,6472,0.57057065
1923,6475,0.5998113
1924,6476,0.005706489
1925,6478,0.9783919
1926,6484,0.23236114
1927,6486,0.6385582
1928,6488,0.6426374
1929,6489,0.9087604
1930,6491,0.4300541
1931,6493,0.97736967
1932,6497,0.9916258
1933,6500,0.41874832
1934,6503,0.19498977
1935,6505,0.44390386
1936,6509,0.49236217
1937,6511,0.32925332
1938,6513,0.17096773
1939,6526,0.2564882
1940,6531,0.1032536
1941,6534,0.5384949
1942,6536,0.44336063
1943,6540,0.06873107
1944,6542,0.4300541
1945,6548,0.50656396
1946,6550,0.48174918
1947,6551,0.4170022
1948,6552,0.23209584
1949,6568,0.90938306
1950,6569,0.19988441
1951,6571,0.26603755
1952,6572,0.49210623
1953,6573,0.4706096
1954,6575,0.18277478
1955,6585,0.32442665
1956,6587,0.41992813
1957,6589,0.30281729
1958,6600,0.15796465
1959,6601,0.91160226
1960,6603,0.42863327
1961,6604,0.23166808
1962,6606,0.20518509
1963,6611,0.4300541
1964,6616,0.33341527
1965,6617,0.61680037
1966,6618,0.23737526
1967,6620,0.93437964
1968,6625,0.22913489
1969,6629,0.72344977
1970,6634,0.43014038
1971,6636,0.34327185
1972,6637,0.30991113
1973,6640,0.040821552
1974,6646,0.8194674
1975,6648,0.32065636
1976,6650,0.42097908
1977,6651,0.12063187
1978,6654,0.4300541
1979,6655,0.7052957
1980,6656,0.57412636
1981,6658,0.2150808
1982,6665,0.033269793
1983,6667,0.8973121
1984,6671,0.48829478
1985,6674,0.1547823
1986,6676,0.2530702
1987,6681,0.2830545
1988,6683,0.4421255
1989,6692,0.48007542
1990,6694,0.9588771
1991,6695,0.75291824
1992,6697,0.67963153
1993,6698,0.4300541
1994,6699,0.39987126
1995,6700,0.9731207
1996,6701,0.69396245
1997,6703,0.6319998
1998,6704,0.43448445
1999,6706,0.08667266
2000,6712,0.9055425
2001,6714,0.8129357
2002,6718,0.995311
2003,6722,0.9711137
2004,6724,0.3420025
2005,6726,0.9453334
2006,6729,0.43837756
2007,6734,0.23240837
2008,6735,0.5890558
2009,6745,0.6443117
2010,6751,0.398586
2011,6755,0.31994888
2012,6757,0.4300541
2013,6759,0.738029
2014,6769,0.33937138
2015,6770,0.6829493
2016,6778,0.37591407
2017,6780,0.25823334
2018,6782,0.4327814
2019,6783,0.4300541
2020,6785,0.7593053
2021,6793,0.4966965
2022,6798,0.17009407
2023,6801,0.75563186
2024,6802,0.9300162
2025,6808,0.42762363
2026,6819,0.43595257
2027,6823,0.06601995
2028,6830,0.58822775
2029,6837,0.7394536
2030,6839,0.32514015
2031,6843,0.9510786
2032,6845,0.40918958
2033,6848,0.5560573
2034,6849,0.48077184
2035,6858,0.4300541
2036,6859,0.8846357
2037,6861,0.57074285
2038,6865,0.9072554
2039,6866,0.63720655
2040,6870,0.75912786
2041,6876,0.43665925
2042,6885,0.60826635
2043,6886,0.33403015
2044,6889,0.91359264
2045,6893,0.6162707
2046,6894,0.45795268
2047,6899,0.1733644
2048,6901,0.91322786
2049,6903,0.90724325
2050,6907,0.63986754
2051,6911,0.27321935
2052,6913,0.4300541
2053,6914,0.9709852
2054,6916,0.43493885
2055,6917,0.9004897
2056,6918,0.56475914
2057,6919,0.929309
2058,6921,0.6753272
2059,6925,0.3539965
2060,6926,0.85541534
2061,6928,0.4300541
2062,6929,0.4390291
2063,6930,0.8047613
2064,6945,0.41184345
2065,6951,0.9538239
2066,6957,0.5828279
2067,6965,0.30707538
2068,6975,0.88722116
2069,6976,0.9164978
2070,6980,0.5103461
2071,6983,0.41920188
2072,6985,0.4300541
2073,6986,0.39731395
2074,6992,0.49200606
2075,6997,0.9338998
2076,6999,0.2919354
2077,7002,0.20762056
2078,7004,0.6787171
2079,7010,0.49343964
2080,7011,0.57140315
2081,7012,0.44778547
2082,7016,0.35913563
2083,7017,0.8886174
2084,7018,0.95739055
2085,7020,0.45525908
2086,7024,0.4300541
2087,7029,0.9046551
2088,7031,0.28481144
2089,7033,0.91208816
2090,7034,0.7472513
2091,7038,0.94118404
2092,7045,0.9758861
2093,7048,0.100205034
2094,7057,0.42667857
2095,7059,0.68621707
2096,7063,0.7599282
2097,7066,0.8048636
2098,7067,0.80413795
2099,7072,0.068843246
2100,7076,0.4300541
2101,7081,0.9406464
2102,7082,0.85517085
2103,7089,0.9154159
2104,7091,0.66117775
2105,7093,0.4300541
2106,7095,0.27010944
2107,7096,0.30178875
2108,7099,0.82759255
2109,7101,0.4061557
2110,7102,0.31721893
2111,7123,0.34524903
2112,7129,0.75273216
2113,7132,0.23752779
2114,7133,0.41317803
2115,7134,0.4333142
2116,7135,0.37860394
2117,7137,0.8211944
2118,7140,0.26563245
2119,7144,0.3797878
2120,7145,0.7158652
2121,7146,0.55297077
2122,7147,0.10323489
2123,7149,0.21793386
2124,7155,0.95690525
2125,7157,0.9106566
2126,7162,0.103812605
2127,7163,0.4300541
2128,7165,0.5564294
2129,7173,0.96922207
2130,7174,0.2120355
2131,7175,0.2492128
2132,7182,0.21493873
2133,7187,0.4300541
2134,7188,0.4300541
2135,7189,0.34664056
2136,7192,0.43542755
2137,7193,0.47347894
2138,7196,0.28265136
2139,7201,0.5013422
2140,7202,0.972423
2141,7204,0.12574974
2142,7207,0.93687594
2143,7209,0.7711245
2144,7214,0.63022506
2145,7215,0.836418
2146,7218,0.9709028
2147,7221,0.43643847
2148,7224,0.54364955
2149,7231,0.34096253
2150,7233,0.36498606
2151,7234,0.4409964
2152,7247,0.4300541
2153,7252,0.47558007
2154,7254,0.24920475
2155,7259,0.5862635
2156,7261,0.17179874
2157,7265,0.42269957
2158,7270,0.94704974
2159,7271,0.37114108
2160,7273,0.26909876
2161,7274,0.09040436
2162,7281,0.059147686
2163,7282,0.4605775
2164,7285,0.90185165
2165,7287,0.10813251
2166,7290,0.5320886
2167,7291,0.87476695
2168,7299,0.36623168
2169,7301,0.67995954
2170,7302,0.4300541
2171,7303,0.031484812
2172,7310,0.5212406
2173,7316,0.61245316
2174,7317,0.24622029
2175,7327,0.7036481
2176,7329,0.4300541
2177,7330,0.32063073
2178,7332,0.42982423
2179,7333,0.0113222
2180,7334,0.44741175
2181,7336,0.8481262
2182,7340,0.43551314
2183,7342,0.91921484
2184,7343,0.36225975
2185,7344,0.26758385
2186,7345,0.4590063
2187,7346,0.43093795
2188,7347,0.25782436
2189,7352,0.42172718
2190,7354,0.31176198
2191,7358,0.3473401
2192,7366,0.3073076
2193,7367,0.37086102
2194,7382,0.19324899
2195,7383,0.38393214
2196,7386,0.098934114
2197,7388,0.4294933
2198,7389,0.8612503
2199,7391,0.5023495
2200,7392,0.9384888
2201,7397,0.065502286
2202,7403,0.36241406
2203,7421,0.5470103
2204,7422,0.58492804
2205,7424,0.9100048
2206,7425,0.3532499
2207,7428,0.17898923
2208,7432,0.27412486
2209,7436,0.9131635
2210,7440,0.25176853
2211,7447,0.6712645
2212,7448,0.16830578
2213,7450,0.6015732
2214,7452,0.19681984
2215,7456,0.98320925
2216,7458,0.98784447
2217,7464,0.16737765
2218,7466,0.41746116
2219,7469,0.4300541
2220,7470,0.06348896
2221,7471,0.63309073
2222,7474,0.4194299
2223,7479,0.4300541
2224,7484,0.52394354
2225,7486,0.95905495
2226,7487,0.34642124
2227,7495,0.74410343
2228,7497,0.25015777
2229,7498,0.27759355
2230,7500,0.31101763
2231,7501,0.64640534
2232,7503,0.7561247
2233,7504,0.23360479
2234,7510,0.4329534
2235,7511,0.89288527
2236,7515,0.9573799
2237,7516,0.3059424
2238,7520,0.47879335
2239,7521,0.97643423
2240,7526,0.95853585
2241,7532,0.64757943
2242,7533,0.8972276
2243,7540,0.7656999
2244,7542,0.48769575
2245,7556,0.20546532
2246,7557,0.0416674
2247,7562,0.8425714
2248,7565,0.97142977
2249,7568,0.22536132
2250,7574,0.65398026
2251,7577,0.39046735
2252,7583,0.4307856
2253,7596,0.36544392
2254,7599,0.36405182
2255,7603,0.9858279
2256,7609,0.16773015
2257,7616,0.24430192
2258,7620,0.7601223
2259,7626,0.34434807
2260,7627,0.4300541
2261,7628,0.08413991
2262,7632,0.36691934
2263,7639,0.7945763
2264,7648,0.41521758
2265,7651,0.14940113
2266,7653,0.30181164
2267,7655,0.11980283
2268,7656,0.6608481
2269,7664,0.22664663
2270,7667,0.4300541
2271,7671,0.7508712
2272,7679,0.92224455
2273,7685,0.52443564
2274,7691,0.94621587
2275,7692,0.9615911
2276,7693,0.9630204
2277,7694,0.29119805
2278,7695,0.81862104
2279,7698,0.3700707
2280,7701,0.087893635
2281,7705,0.41935897
2282,7711,0.39246178
2283,7715,0.32723397
2284,7727,0.84869134
2285,7735,0.8048636
2286,7739,0.3607018
2287,7743,0.9589472
2288,7747,0.947721
2289,7748,0.06411809
2290,7749,0.3702327
2291,7754,0.43179762
2292,7760,0.4300541
2293,7766,0.45274526
2294,7768,0.23264703
2295,7770,0.7413485
2296,7771,0.74553907
2297,7776,0.9912518
2298,7779,0.79479516
2299,7780,0.6966362
2300,7785,0.8048636
2301,7787,0.913862
2302,7794,0.42896074
2303,7795,0.90302384
2304,7796,0.49960744
2305,7803,0.20208207
2306,7805,0.30796584
2307,7809,0.8048636
2308,7810,0.65336955
2309,7812,0.51939917
2310,7815,0.39613578
2311,7816,0.442097
2312,7821,0.5484135
2313,7822,0.5780394
2314,7823,0.36186466
2315,7829,0.3682903
2316,7837,0.55875725
2317,7838,0.5613344
2318,7843,0.7856866
2319,7847,0.9593427
2320,7848,0.9288168
2321,7849,0.71558315
2322,7850,0.82609427
2323,7851,0.8338758
2324,7853,0.33694726
2325,7859,0.28231817
2326,7860,0.36865777
2327,7861,0.8048636
2328,7862,0.44211155
2329,7870,0.75314546
2330,7871,0.8048636
2331,7872,0.40361756
2332,7874,0.42073622
2333,7877,0.75518095
2334,7881,0.59985095
2335,7883,0.35837072
2336,7885,0.6905682
2337,7886,0.8070989
2338,7891,0.9140064
2339,7893,0.61674446
2340,7896,0.6933304
2341,7898,0.9292363
2342,7899,0.4300541
2343,7909,0.5181028
2344,7910,0.7800038
2345,7913,0.9221027
2346,7917,0.5990523
2347,7919,0.8048636
2348,7920,0.40670544
2349,7925,0.29787633
2350,7928,0.34717748
2351,7930,0.009822398
2352,7932,0.51545024
2353,7933,0.8499701
2354,7935,0.26929262
2355,7938,0.422816
2356,7940,0.4344455
2357,7948,0.4271233
2358,7949,0.67057306
2359,7950,0.2542158
2360,7955,0.8654758
2361,7963,0.9482852
2362,7966,0.5802576
2363,7974,0.6831047
2364,7975,0.61227953
2365,7980,0.81338197
2366,7981,0.92354226
2367,7982,0.9359436
2368,7991,0.9151706
2369,7993,0.6178215
2370,7996,0.83362734
2371,7997,0.4129378
2372,8001,0.5615174
2373,8003,0.6432502
2374,8004,0.8048636
2375,8009,0.9433272
2376,8010,0.45813164
2377,8017,0.8048636
2378,8019,0.4300541
2379,8020,0.931888
2380,8021,0.8600949
2381,8022,0.6922001
2382,8028,0.9898421
2383,8029,0.28878254
2384,8030,0.8048636
2385,8034,0.4265529
2386,8038,0.81847596
2387,8039,0.4618566
2388,8040,0.96423364
2389,8049,0.7915993
2390,8051,0.8048636
2391,8052,0.113111615
2392,8071,0.83506995
2393,8072,0.36822218
2394,8077,0.6145727
2395,8079,0.7317161
2396,8084,0.8475251
2397,8085,0.90846694
2398,8088,0.7417466
2399,8091,0.37080547
2400,8092,0.8980068
2401,8098,0.63144493
2402,8100,0.7181947
2403,8105,0.47817242
2404,8108,0.43766382
2405,8110,0.44766405
2406,8117,0.5797935
2407,8118,0.38475773
2408,8119,0.6729909
2409,8124,0.8393642
2410,8126,0.61384267
2411,8135,0.53382796
2412,8142,0.59105325
2413,8144,0.85697305
2414,8145,0.7484539
2415,8147,0.42302692
2416,8148,0.7869555
2417,8149,0.8174492
2418,8150,0.9212258
2419,8157,0.60787857
2420,8163,0.85387886
2421,8165,0.6649843
2422,8166,0.7563566
2423,8172,0.6845716
2424,8173,0.3369282
2425,8174,0.73669684
2426,8177,0.19437739
2427,8178,0.23751259
2428,8184,0.2523044
2429,8187,0.44934914
2430,8189,0.59686255
2431,8196,0.19827393
2432,8198,0.4321068
2433,8199,0.413306
2434,8201,0.449446
2435,8202,0.28500468
2436,8205,0.48941484
2437,8212,0.5714641
2438,8222,0.4217437
2439,8223,0.20556358
2440,8227,0.21087375
2441,8232,0.42913035
2442,8240,0.9452743
2443,8243,0.33909136
2444,8244,0.23260501
2445,8248,0.45604965
2446,8256,0.3063786
2447,8257,0.4653582
2448,8259,0.40203077
2449,8262,0.42864916
2450,8265,0.4113994
2451,8268,0.02672398
2452,8269,0.4251294
2453,8271,0.18828818
2454,8274,0.7080161
2455,8277,0.4300541
2456,8278,0.4757604
2457,8280,0.4300541
2458,8284,0.38658494
2459,8294,0.88869834
2460,8296,0.54249775
2461,8297,0.790307
2462,8300,0.3931103
2463,8302,0.45769703
2464,8310,0.6414881
2465,8311,0.4970297
2466,8314,0.93336976
2467,8320,0.5011164
2468,8334,0.40093783
2469,8336,0.4300541
2470,8337,0.4300541
2471,8338,0.26048988
2472,8345,0.48968217
2473,8346,0.21190706
2474,8349,0.392452
2475,8351,0.020846754
2476,8355,0.63499165
2477,8364,0.2657289
2478,8365,0.9735517
2479,8379,0.27164128
2480,8383,0.41781473
2481,8385,0.7469834
2482,8386,0.9648482
2483,8389,0.03422466
2484,8399,0.38964888
2485,8403,0.5859853
2486,8408,0.52957517
2487,8412,0.91846144
2488,8413,0.42363045
2489,8419,0.08102074
2490,8423,0.4300541
2491,8426,0.4300541
2492,8427,0.8048636
2493,8436,0.6474458
2494,8437,0.23018605
2495,8442,0.27356213
2496,8444,0.2843325
2497,8454,0.33157003
2498,8455,0.4044581
2499,8463,0.37158966
2500,8467,0.23524863
2501,8471,0.23288622
2502,8478,0.25625658
2503,8481,0.64092696
2504,8486,0.63842714
2505,8490,0.70084244
2506,8492,0.43132097
2507,8498,0.31408104
2508,8502,0.27676618
2509,8503,0.12368631
2510,8505,0.3925203
2511,8510,0.014378548
2512,8517,0.24310401
2513,8521,0.26587236
2514,8527,0.69058996
2515,8528,0.7243749
2516,8531,0.26766497
2517,8532,0.93764883
2518,8535,0.053161263
2519,8536,0.14878723
2520,8541,0.882584
2521,8542,0.2745186
2522,8544,0.52655095
2523,8547,0.19711655
2524,8550,0.4300541
2525,8551,0.49337706
2526,8554,0.64721
2527,8556,0.38619936
2528,8559,0.9862907
2529,8563,0.9696958
2530,8564,0.24470204
2531,8565,0.38468784
2532,8569,0.84192336
2533,8574,0.33458358
2534,8577,0.28901392
2535,8579,0.45976573
2536,8581,0.7810031
2537,8587,0.88077974
2538,8593,0.18737322
2539,8594,0.5684887
2540,8597,0.4515547
2541,8599,0.41978276
2542,8600,0.86215997
2543,8601,0.45608863
2544,8605,0.4357774
2545,8606,0.7658025
2546,8609,0.72157335
2547,8610,0.2488662
2548,8613,0.8048636
2549,8614,0.58460164
2550,8624,0.8605077
2551,8626,0.7648605
2552,8629,0.24362698
2553,8637,0.44538772
2554,8639,0.9808306
2555,8642,0.7521204
2556,8643,0.796659
2557,8644,0.52845746
2558,8648,0.6484771
2559,8651,0.81976
2560,8660,0.9667216
2561,8662,0.92656106
2562,8664,0.86929345
2563,8667,0.49494144
2564,8668,0.86950123
2565,8671,0.8766984
2566,8672,0.79603404
2567,8677,0.41150302
2568,8682,0.90839565
2569,8686,0.42243087
2570,8690,0.23083153
2571,8697,0.41478753
2572,8703,0.404872
2573,8704,0.4300541
2574,8705,0.4300541
2575,8709,0.7089964
2576,8727,0.11845204
2577,8728,0.90487397
2578,8735,0.8048636
2579,8738,0.4231696
2580,8743,0.8048636
2581,8745,0.7627523
2582,8746,0.6368515
2583,8749,0.4300541
2584,8753,0.54172176
2585,8758,0.26175082
2586,8762,0.73763376
2587,8763,0.7782359
2588,8765,0.59981245
2589,8766,0.27009133
2590,8770,0.8048636
2591,8778,0.8234364
2592,8783,0.4964935
2593,8785,0.3761121
2594,8787,0.4300541
2595,8788,0.395836
2596,8790,0.94109607
2597,8796,0.7900623
2598,8807,0.8084107
2599,8814,0.29558307
2600,8816,0.9163382
2601,8817,0.49847522
2602,8820,0.44394025
2603,8821,0.43341595
2604,8825,0.6070811
2605,8841,0.42821985
2606,8843,0.4300541
2607,8850,0.5124669
2608,8851,0.4300541
2609,8855,0.91230416
2610,8857,0.9164156
2611,8861,0.9179353
2612,8862,0.37625653
2613,8864,0.968629
2614,8865,0.7152612
2615,8875,0.45532233
2616,8879,0.58870363
2617,8882,0.5285999
2618,8884,0.041320056
2619,8885,0.280654
2620,8891,0.3298203
2621,8894,0.46117944
2622,8902,0.98336744
2623,8906,0.5425832
2624,8912,0.23040932
2625,8918,0.18794969
2626,8919,0.4026394
2627,8921,0.051771283
2628,8924,0.4300541
2629,8928,0.4300541
2630,8929,0.32497215
2631,8930,0.19538379
2632,8935,0.97634494
2633,8936,0.42772347
2634,8946,0.44164753
2635,8951,0.3769703
2636,8952,0.15961948
2637,8957,0.98168576
2638,8958,0.17342302
2639,8960,0.910368
2640,8961,0.26572806
2641,8964,0.6533644
2642,8972,0.010578871
2643,8974,0.91434896
2644,8975,0.75529146
2645,8981,0.5384347
2646,8990,0.41783577
2647,8993,0.4942837
2648,8996,0.5807655
2649,8998,0.87192446
2650,8999,0.26243865
2651,9000,0.33780828
2652,9003,0.19772941
2653,9007,0.9600376
2654,9009,0.42421997
2655,9011,0.9412963
2656,9014,0.40720767
2657,9015,0.32801574
2658,9020,0.09394747
2659,9023,0.2850104
2660,9027,0.45116043
2661,9028,0.4300541
2662,9031,0.38222054
2663,9035,0.83912885
2664,9036,0.38694862
2665,9038,0.49421495
2666,9039,0.24455357
2667,9047,0.99063706
2668,9049,0.66659135
2669,9051,0.45068938
2670,9053,0.35852563
2671,9054,0.07898402
2672,9066,0.106221884
2673,9070,0.30999702
2674,9071,0.07580021
2675,9073,0.20995519
2676,9075,0.30245763
2677,9076,0.65428394
2678,9077,0.51142234
2679,9082,0.9452866
2680,9083,0.37704295
2681,9085,0.256004
2682,9086,0.6450955
2683,9089,0.2956735
2684,9095,0.28399104
2685,9096,0.47608897
2686,9100,0.61652553
2687,9101,0.08871472
2688,9102,0.23140824
2689,9104,0.4300541
2690,9112,0.48825574
2691,9118,0.8941637
2692,9120,0.26439863
2693,9121,0.41090214
2694,9130,0.6700397
2695,9134,0.24344495
2696,9139,0.36920762
2697,9141,0.40497547
2698,9144,0.8048636
2699,9147,0.38728335
2700,9151,0.15732473
2701,9155,0.071890146
2702,9157,0.25950885
2703,9159,0.14110947
2704,9161,0.9940634
2705,9162,0.77404976
2706,9167,0.6664449
2707,9172,0.3820241
2708,9173,0.91952765
2709,9176,0.19880396
2710,9182,0.59345615
2711,9193,0.87735796
2712,9196,0.21938741
2713,9199,0.38705826
2714,9200,0.32640636
2715,9201,0.36452854
2716,9205,0.44254792
2717,9214,0.5506382
2718,9215,0.42552385
2719,9217,0.4300541
2720,9225,0.82704043
2721,9231,0.8016113
2722,9235,0.8807829
2723,9239,0.9728815
2724,9245,0.9848995
2725,9246,0.85516596
2726,9247,0.8687829
2727,9252,0.40907073
2728,9253,0.99538827
2729,9256,0.8404035
2730,9258,0.8408888
2731,9259,0.62327653
2732,9262,0.92721665
2733,9263,0.92581165
2734,9271,0.2799063
2735,9273,0.9856727
2736,9276,0.4300541
2737,9277,0.42025954
2738,9284,0.5871915
2739,9287,0.43772322
2740,9288,0.40801454
2741,9305,0.96043324
2742,9308,0.8048636
2743,9310,0.70176744
2744,9311,0.40551284
2745,9313,0.43016618
2746,9325,0.7811559
2747,9326,0.9718749
2748,9330,0.5514097
2749,9331,0.8048636
2750,9333,0.8048636
2751,9336,0.9715067
2752,9338,0.93297416
2753,9341,0.828813
2754,9345,0.17657837
2755,9351,0.22703871
2756,9352,0.035918713
2757,9354,0.4300541
2758,9356,0.2405557
2759,9360,0.88581896
2760,9365,0.8648088
2761,9369,0.44776738
2762,9372,0.7508952
2763,9378,0.887465
2764,9383,0.8048636
2765,9386,0.63800097
2766,9387,0.34559894
2767,9390,0.3978266
2768,9393,0.9183769
2769,9395,0.7803527
2770,9399,0.18017372
2771,9401,0.8232429
2772,9410,0.48722488
2773,9412,0.56358135
2774,9416,0.32494402
2775,9420,0.7159202
2776,9428,0.4966117
2777,9434,0.29929608
2778,9442,0.16210571
2779,9449,0.16224721
2780,9451,0.42658192
2781,9452,0.5110611
2782,9456,0.20354292
2783,9457,0.6496556
2784,9458,0.63180935
2785,9460,0.283736
2786,9462,0.3532849
2787,9463,0.32008946
2788,9466,0.22402006
2789,9468,0.39815855
2790,9470,0.4243354
2791,9472,0.23986632
2792,9477,0.08141929
2793,9480,0.7533941
2794,9481,0.972071
2795,9482,0.4300541
2796,9488,0.23034081
2797,9489,0.6986542
2798,9491,0.7050998
2799,9492,0.51569456
2800,9497,0.40280122
2801,9498,0.21178728
2802,9511,0.16854757
2803,9513,0.9810337
2804,9517,0.24298185
2805,9521,0.18820387
2806,9533,0.6542817
2807,9535,0.48263222
2808,9537,0.8810907
2809,9538,0.63413966
2810,9542,0.12926331
2811,9543,0.97403795
2812,9549,0.8094034
2813,9552,0.32699743
2814,9554,0.9210081
2815,9557,0.00396204
2816,9565,0.92530835
2817,9568,0.9520997
2818,9570,0.37105882
2819,9572,0.9412675
2820,9574,0.88422215
2821,9577,0.69416595
2822,9582,0.9402753
2823,9585,0.63829213
2824,9586,0.9307704
2825,9589,0.9096899
2826,9596,0.45465708
2827,9600,0.77913713
2828,9606,0.4300541
2829,9613,0.644111
2830,9621,0.4410524
2831,9631,0.8333862
2832,9633,0.88802195
2833,9635,0.4482934
2834,9638,0.5056576
2835,9643,0.8477317
2836,9647,0.0785428
2837,9648,0.92091656
2838,9652,0.4300541
2839,9653,0.7068795
2840,9654,0.90073097
2841,9659,0.7115551
2842,9662,0.9479655
2843,9663,0.96739596
2844,9664,0.09501079
2845,9666,0.7550277
2846,9674,0.9071732
2847,9681,0.4300541
2848,9686,0.92621356
2849,9688,0.38317564
2850,9691,0.40579706
2851,9696,0.9253969
2852,9698,0.8650877
2853,9705,0.51562524
2854,9706,0.47185552
2855,9708,0.71094257
2856,9714,0.4300541
2857,9715,0.4543697
2858,9716,0.7658882
2859,9719,0.77043533
2860,9724,0.775517
2861,9726,0.6609011
2862,9730,0.43930018
2863,9737,0.48708197
2864,9739,0.83045256
2865,9740,0.89631796
2866,9742,0.4535603
2867,9744,0.956823
2868,9745,0.42814243
2869,9747,0.449994
2870,9748,0.6656337
2871,9751,0.4300541
2872,9754,0.52279556
2873,9756,0.2547801
2874,9764,0.9745492
2875,9770,0.67128843
2876,9771,0.8536731
2877,9776,0.9199642
2878,9779,0.4300541
2879,9781,0.5434542
2880,9783,0.7172607
2881,9789,0.4300541
2882,9790,0.88394845
2883,9792,0.29576212
2884,9793,0.8579037
2885,9799,0.28899598
2886,9800,0.78022885
2887,9806,0.91851354
2888,9812,0.13867426
2889,9816,0.34785748
2890,9820,0.33109754
2891,9823,0.5412949
2892,9825,0.073922604
2893,9828,0.32931414
2894,9829,0.3266514
2895,9831,0.8640195
2896,9833,0.4300541
2897,9837,0.40221524
2898,9848,0.8903011
2899,9849,0.6826316
2900,9852,0.6462051
2901,9854,0.7351444
2902,9858,0.06864452
2903,9860,0.49114394
2904,9864,0.14017811
2905,9866,0.12744829
2906,9871,0.7512411
2907,9873,0.4300541
2908,9875,0.79362583
2909,9876,0.29261115
2910,9882,0.27043074
2911,9884,0.4874011
2912,9885,0.7764726
2913,9886,0.3149209
2914,9888,0.60263735
2915,9898,0.2635251
2916,9899,0.99064386
2917,9907,0.41279715
2918,9908,0.045511216
2919,9911,0.564096
2920,9912,0.3695268
2921,9917,0.095841795
2922,9918,0.42477626
2923,9921,0.22331858
2924,9922,0.5990709
2925,9923,0.21865949
2926,9924,0.14860165
2927,9925,0.34731695
2928,9926,0.9692894
2929,9928,0.9800372
2930,9933,0.3580048
2931,9935,0.37072343
2932,9940,0.6191966
2933,9942,0.51590675
2934,9943,0.4300541
2935,9945,0.09222308
2936,9948,0.1931059
2937,9951,0.1665762
2938,9953,0.8582548
2939,9965,0.10381186
2940,9968,0.4889028
2941,9972,0.33221608
2942,9974,0.4266245
2943,9975,0.8048636
2944,9978,0.65586746
2945,9984,0.40958232
2946,9986,0.17512113
2947,9990,0.65291125
2948,9991,0.9922904
2949,9995,0.62048304
2950,9998,0.9456192
2951,10001,0.75524557
2952,10005,0.33206934
2953,10006,0.23456973
2954,10007,0.5526755
2955,10010,0.7415555
2956,10011,0.17002243
2957,10018,0.08632833
2958,10021,0.7010861
2959,10022,0.9189589
2960,10023,0.5874125
2961,10032,0.4289041
2962,10035,0.7259401
2963,10046,0.25599152
2964,10050,0.6010001
2965,10051,0.2302661
2966,10052,0.025140077
2967,10055,0.46566728
2968,10060,0.45302802
2969,10061,0.8121012
2970,10068,0.24519143
2971,10070,0.25036326
2972,10074,0.39960596
2973,10075,0.2922915
2974,10076,0.19342864
2975,10077,0.6064489
2976,10079,0.08910766
2977,10085,0.7622737
2978,10095,0.24396092
2979,10096,0.79171073
2980,10106,0.9892887
2981,10108,0.7209604
2982,10110,0.46831194
2983,10111,0.19260934
2984,10112,0.93988883
2985,10113,0.24252546
2986,10118,0.47200274
2987,10120,0.78626347
2988,10123,0.35857892
2989,10127,0.7815596
2990,10131,0.5715536
2991,10134,0.43211976
2992,10136,0.29681182
2993,10145,0.91780293
2994,10151,0.35986698
2995,10152,0.41255844
2996,10153,0.26982662
2997,10157,0.51160526
2998,10158,0.9181121
2999,10159,0.37191933
3000,10160,0.6961974
3001,10161,0.9067459
3002,10167,0.84608555
3003,10174,0.4223417
3004,10179,0.8774251
3005,10183,0.23450127
3006,10184,0.5500866
3007,10187,0.45370764
3008,10189,0.8817314
3009,10191,0.4300541
3010,10196,0.5101467
3011,10197,0.48670608
3012,10203,0.24716562
3013,10205,0.8574235
3014,10211,0.42305914
3015,10214,0.4992508
3016,10222,0.8048636
3017,10224,0.5649529
3018,10231,0.55897987
3019,10234,0.21123433
3020,10244,0.9366318
3021,10246,0.9835415
3022,10250,0.39613694
3023,10260,0.79889655
3024,10269,0.43131247
3025,10271,0.8048636
3026,10272,0.4300541
3027,10276,0.18080255
3028,10278,0.7467165
3029,10280,0.9514146
3030,10283,0.61469865
3031,10287,0.36194438
3032,10292,0.32930505
3033,10298,0.6793194
3034,10300,0.3853743
3035,10302,0.80971736
3036,10303,0.9716734
3037,10311,0.71295
3038,10312,0.45339185
3039,10313,0.7072414
3040,10316,0.7248297
3041,10318,0.34727615
3042,10319,0.20303887
3043,10324,0.9609685
3044,10325,0.8048636
3045,10326,0.20051816
3046,10330,0.86997783
3047,10335,0.22103995
3048,10339,0.8045461
3049,10340,0.64879435
3050,10342,0.8048636
3051,10343,0.83493185
3052,10345,0.6653094
3053,10346,0.4034501
3054,10358,0.57102865
3055,10361,0.48271185
3056,10371,0.42998546
3057,10379,0.93752515
3058,10380,0.81935793
3059,10382,0.98104316
3060,10383,0.8548205
3061,10385,0.7956216
3062,10386,0.41897792
3063,10388,0.86818004
3064,10389,0.4577911
3065,10393,0.44236618
3066,10394,0.8198631
3067,10395,0.9097139
3068,10396,0.7372077
3069,10399,0.97139305
3070,10403,0.9233955
3071,10406,0.86819416
3072,10410,0.6769513
3073,10414,0.8048636
3074,10417,0.5316767
3075,10426,0.3826015
3076,10428,0.97130954
3077,10430,0.6545455
3078,10432,0.95707774
3079,10441,0.500603
3080,10442,0.64126575
3081,10448,0.9213455
3082,10452,0.8704529
3083,10453,0.8704293
3084,10458,0.70739126
